{
  "$schema": "https://schemas.wp.org/trunk/theme.json",
  "version":2,
  "settings": {
    "color": {
			"custom": false,
			"defaultPalette": false,
			"palette": [
				{
					"slug": "primary",
					"color": "#006839",
					"name": "Primary"
				},
				{
					"slug": "secondary",
					"color": "#00311B",
					"name": "Secondary"
				},
				{
					"slug": "green",
					"color": "#d9f58c",
					"name": "Green"
				},
				{
					"slug": "camo",
					"color": "#414642",
					"name": "camo"
				},
				{
					"slug": "brand-grey",
					"color": "#dbe1da",
					"name": "Grey"
				},
				{
					"slug": "red",
					"color": "#972900",
					"name": "Red"
				},
				{
					"slug": "yellow",
					"color": "#f4ef64",
					"name": "Yellow"
				},
				{
					"slug": "blue",
					"color": "#063b61",
					"name": "Blue"
				}
			]
		}
  }
}